KPI,Value
Total Claims,55392.0
Total Billing Amount,1417485967.929394
Average Billing Amount,25590.084631885362
Average Length of Stay,15.50877383015598
Fraudulent Claims (%),13.675259965337954
